image,instances,positive_pixels,predicted_pixels,inference_seconds,tp,fp,fn,tn,precision,recall,specificity,iou,dice,pixel_accuracy
Image_20260714153810238_p005_x1920_y0000.jpg,0,0,0,0.17773102199998903,0,0,0,262144,0.0,0.0,1.0,0.0,0.0,1.0
Image_20260714153810238_p015_x1536_y0384.jpg,2,881,1026,0.05905850599992846,777,249,104,261014,0.7573099415204678,0.8819523269012486,0.9990469373772788,0.6876106194690266,0.8148925013109596,0.9986534118652344
Image_20260714153810238_p025_x1152_y0768.jpg,2,108,159,0.14144158799990691,108,51,0,261985,0.6792452830188679,1.0,0.9998053702544688,0.6792452830188679,0.8089887640449438,0.9998054504394531
Image_20260714153810238_p026_x1536_y0768.jpg,1,1563,1835,0.12085260999992897,1463,372,100,260209,0.797275204359673,0.9360204734484965,0.9985724208595408,0.7560723514211887,0.861094761624485,0.998199462890625
Image_20260714153810238_p031_x3456_y0768.jpg,0,0,0,0.07408742100005838,0,0,0,262144,0.0,0.0,1.0,0.0,0.0,1.0
Image_20260714153810238_p043_x3584_y1152.jpg,0,0,0,0.08770883199986201,0,0,0,262144,0.0,0.0,1.0,0.0,0.0,1.0
Image_20260714153810238_p046_x0768_y1536.jpg,0,0,0,0.060372932999825935,0,0,0,262144,0.0,0.0,1.0,0.0,0.0,1.0
Image_20260714153810238_p049_x1920_y1536.jpg,1,809,922,0.1096990949999963,780,142,29,261193,0.8459869848156182,0.9641532756489494,0.9994566361183921,0.8201892744479495,0.901213171577123,0.9993476867675781
Image_20260714153810238_p054_x3584_y1536.jpg,0,0,0,0.09851859199989121,0,0,0,262144,0.0,0.0,1.0,0.0,0.0,1.0
Image_20260714153810238_p055_x0000_y1920.jpg,0,0,0,0.06077036300007421,0,0,0,262144,0.0,0.0,1.0,0.0,0.0,1.0
Image_20260714153810238_p056_x0384_y1920.jpg,0,0,0,0.06176052800014986,0,0,0,262144,0.0,0.0,1.0,0.0,0.0,1.0
Image_20260714153810238_p060_x1920_y1920.jpg,1,637,708,0.08201072600013504,603,105,34,261402,0.8516949152542372,0.9466248037676609,0.9995984811114043,0.8126684636118598,0.8966542750929368,0.9994697570800781
Image_20260714153810238_p061_x2304_y1920.jpg,0,0,0,0.06638318099999196,0,0,0,262144,0.0,0.0,1.0,0.0,0.0,1.0
Image_20260714153810238_p062_x2688_y1920.jpg,0,0,0,0.06373476399994615,0,0,0,262144,0.0,0.0,1.0,0.0,0.0,1.0
Image_20260714153810238_p071_x1920_y2304.jpg,0,0,0,0.08047334599996248,0,0,0,262144,0.0,0.0,1.0,0.0,0.0,1.0
Image_20260714153810238_p083_x2304_y2560.jpg,0,0,0,0.058714068999961455,0,0,0,262144,0.0,0.0,1.0,0.0,0.0,1.0
Image_20260714154125692_p003_x1152_y0000.jpg,0,0,0,0.06435306000003038,0,0,0,262144,0.0,0.0,1.0,0.0,0.0,1.0
Image_20260714154125692_p013_x0768_y0384.jpg,0,0,0,0.05802957499986405,0,0,0,262144,0.0,0.0,1.0,0.0,0.0,1.0
Image_20260714154125692_p017_x2304_y0384.jpg,0,0,0,0.06167431300013959,0,0,0,262144,0.0,0.0,1.0,0.0,0.0,1.0
Image_20260714154125692_p021_x3584_y0384.jpg,0,0,0,0.07613746900005935,0,0,0,262144,0.0,0.0,1.0,0.0,0.0,1.0
Image_20260714154125692_p025_x1152_y0768.jpg,0,0,0,0.08140416100013681,0,0,0,262144,0.0,0.0,1.0,0.0,0.0,1.0
Image_20260714154125692_p026_x1536_y0768.jpg,1,1565,1878,0.05854622499987272,1328,550,237,260029,0.7071352502662407,0.8485623003194889,0.9978893157161551,0.6278959810874705,0.7714202730177171,0.9969978332519531
Image_20260714154125692_p030_x3072_y0768.jpg,0,0,0,0.05440253200004008,0,0,0,262144,0.0,0.0,1.0,0.0,0.0,1.0
Image_20260714154125692_p039_x2304_y1152.jpg,0,0,0,0.05486041199992542,0,0,0,262144,0.0,0.0,1.0,0.0,0.0,1.0
Image_20260714154125692_p043_x3584_y1152.jpg,0,0,0,0.05281143100000918,0,0,0,262144,0.0,0.0,1.0,0.0,0.0,1.0
Image_20260714154125692_p049_x1920_y1536.jpg,1,684,851,0.05245549000005667,666,185,18,261275,0.782608695652174,0.9736842105263158,0.9992924347892603,0.766398158803222,0.8677524429967427,0.9992256164550781
Image_20260714154125692_p057_x0768_y1920.jpg,0,0,0,0.06146662700007255,0,0,0,262144,0.0,0.0,1.0,0.0,0.0,1.0
Image_20260714154125692_p060_x1920_y1920.jpg,1,792,938,0.05919537600016156,755,183,37,261169,0.8049040511727079,0.9532828282828283,0.9992997949126082,0.7743589743589744,0.8728323699421965,0.9991607666015625
Image_20260714154125692_p061_x2304_y1920.jpg,0,0,0,0.060422317000075054,0,0,0,262144,0.0,0.0,1.0,0.0,0.0,1.0
Image_20260714154125692_p072_x2304_y2304.jpg,0,0,0,0.0594267020001098,0,0,0,262144,0.0,0.0,1.0,0.0,0.0,1.0
Image_20260714154125692_p085_x3072_y2560.jpg,0,0,0,0.07048485999985132,0,0,0,262144,0.0,0.0,1.0,0.0,0.0,1.0
Image_20260714154451603_p006_x2304_y0000.jpg,0,0,0,0.05722817699984262,0,0,0,262144,0.0,0.0,1.0,0.0,0.0,1.0
Image_20260714154451603_p015_x1536_y0384.jpg,3,240,307,0.0589283480001086,229,78,11,261826,0.745928338762215,0.9541666666666667,0.9997021809517991,0.720125786163522,0.8372943327239488,0.9996604919433594
Image_20260714154451603_p026_x1536_y0768.jpg,1,1609,1875,0.052277947999982644,1555,320,54,260215,0.8293333333333334,0.966438781852082,0.9987717581131134,0.8061171591498185,0.8926521239954076,0.9985733032226562
Image_20260714154451603_p032_x3584_y0768.jpg,0,0,0,0.07918362000009438,0,0,0,262144,0.0,0.0,1.0,0.0,0.0,1.0
Image_20260714154451603_p046_x0768_y1536.jpg,0,0,0,0.07644164200019077,0,0,0,262144,0.0,0.0,1.0,0.0,0.0,1.0
Image_20260714154451603_p048_x1536_y1536.jpg,0,0,0,0.053209819000130665,0,0,0,262144,0.0,0.0,1.0,0.0,0.0,1.0
Image_20260714154451603_p049_x1920_y1536.jpg,1,790,972,0.05505464399993798,689,283,101,261071,0.7088477366255144,0.8721518987341772,0.9989171774681084,0.6421248835041938,0.7820658342792282,0.99853515625
Image_20260714154451603_p055_x0000_y1920.jpg,0,0,0,0.05375018999984604,0,0,0,262144,0.0,0.0,1.0,0.0,0.0,1.0
Image_20260714154451603_p060_x1920_y1920.jpg,1,706,864,0.07275606600001083,623,241,83,261197,0.7210648148148148,0.8824362606232294,0.9990781753226387,0.6578669482576558,0.7936305732484077,0.9987640380859375
Image_20260714154451603_p061_x2304_y1920.jpg,0,0,0,0.06846400400013408,0,0,0,262144,0.0,0.0,1.0,0.0,0.0,1.0
Image_20260714154451603_p063_x3072_y1920.jpg,0,0,0,0.0643878619998759,0,0,0,262144,0.0,0.0,1.0,0.0,0.0,1.0
Image_20260714154451603_p070_x1536_y2304.jpg,0,0,0,0.09252868099997613,0,0,0,262144,0.0,0.0,1.0,0.0,0.0,1.0
Image_20260714154451603_p076_x3584_y2304.jpg,0,0,0,0.066371707999906,0,0,0,262144,0.0,0.0,1.0,0.0,0.0,1.0
Image_20260714154451603_p080_x1152_y2560.jpg,0,0,0,0.07839672299996892,0,0,0,262144,0.0,0.0,1.0,0.0,0.0,1.0
Image_20260714154451603_p085_x3072_y2560.jpg,0,0,0,0.05871937199981403,0,0,0,262144,0.0,0.0,1.0,0.0,0.0,1.0
Image_20260714154459708_p006_x2304_y0000.jpg,0,0,0,0.05474695500015514,0,0,0,262144,0.0,0.0,1.0,0.0,0.0,1.0
Image_20260714154459708_p009_x3456_y0000.jpg,0,0,0,0.07814928000016153,0,0,0,262144,0.0,0.0,1.0,0.0,0.0,1.0
Image_20260714154459708_p013_x0768_y0384.jpg,0,0,0,0.06519884299996193,0,0,0,262144,0.0,0.0,1.0,0.0,0.0,1.0
Image_20260714154459708_p017_x2304_y0384.jpg,0,0,0,0.06136831699996037,0,0,0,262144,0.0,0.0,1.0,0.0,0.0,1.0
Image_20260714154459708_p023_x0384_y0768.jpg,0,0,0,0.06720584799995777,0,0,0,262144,0.0,0.0,1.0,0.0,0.0,1.0
Image_20260714154459708_p025_x1152_y0768.jpg,1,1501,1954,0.07037542000011854,1452,502,49,260141,0.7430910951893551,0.9673550966022652,0.9980739939303952,0.7249126310534199,0.8405209840810419,0.9978981018066406
Image_20260714154459708_p026_x1536_y0768.jpg,1,1234,1577,0.06116014600002018,1195,382,39,260528,0.7577679137603044,0.9683954619124797,0.9985358936031582,0.739480198019802,0.8502312344361437,0.9983940124511719
Image_20260714154459708_p030_x3072_y0768.jpg,0,0,0,0.05977179499996055,0,0,0,262144,0.0,0.0,1.0,0.0,0.0,1.0
Image_20260714154459708_p034_x0384_y1152.jpg,0,0,0,0.05577211900003931,0,0,0,262144,0.0,0.0,1.0,0.0,0.0,1.0
Image_20260714154459708_p044_x0000_y1536.jpg,0,0,0,0.07062214500001573,0,0,0,262144,0.0,0.0,1.0,0.0,0.0,1.0
Image_20260714154459708_p047_x1152_y1536.jpg,0,0,0,0.05685614699996222,0,0,0,262144,0.0,0.0,1.0,0.0,0.0,1.0
Image_20260714154459708_p049_x1920_y1536.jpg,1,758,1025,0.05441464399996221,755,270,3,261116,0.7365853658536585,0.996042216358839,0.9989670449067662,0.7344357976653697,0.8468872686483455,0.9989585876464844
Image_20260714154459708_p050_x2304_y1536.jpg,1,758,1014,0.05347318799999812,756,258,2,261128,0.7455621301775148,0.9973614775725593,0.9990129540220211,0.7440944881889764,0.8532731376975169,0.9990081787109375
Image_20260714154459708_p053_x3456_y1536.jpg,0,0,0,0.05350034200000664,0,0,0,262144,0.0,0.0,1.0,0.0,0.0,1.0
Image_20260714154459708_p058_x1152_y1920.jpg,0,0,0,0.05497085000001789,0,0,0,262144,0.0,0.0,1.0,0.0,0.0,1.0
Image_20260714154459708_p059_x1536_y1920.jpg,0,0,0,0.057242879000114044,0,0,0,262144,0.0,0.0,1.0,0.0,0.0,1.0
Image_20260714154459708_p060_x1920_y1920.jpg,1,137,154,0.06176001999983782,125,29,12,261978,0.8116883116883117,0.9124087591240876,0.9998893159343071,0.7530120481927711,0.8591065292096219,0.9998435974121094
Image_20260714154459708_p061_x2304_y1920.jpg,2,137,169,0.06601984799999627,131,38,6,261969,0.7751479289940828,0.9562043795620438,0.9998549657070231,0.7485714285714286,0.8562091503267973,0.9998321533203125
Image_20260714154459708_p064_x3456_y1920.jpg,0,0,0,0.06081962600001134,0,0,0,262144,0.0,0.0,1.0,0.0,0.0,1.0
Image_20260714154459708_p066_x0000_y2304.jpg,0,0,0,0.06420426500017129,0,0,0,262144,0.0,0.0,1.0,0.0,0.0,1.0
Image_20260714154459708_p071_x1920_y2304.jpg,0,0,0,0.06931902099995568,0,0,0,262144,0.0,0.0,1.0,0.0,0.0,1.0
Image_20260714154459708_p076_x3584_y2304.jpg,0,0,0,0.06162376999986918,0,0,0,262144,0.0,0.0,1.0,0.0,0.0,1.0
Image_20260714154459708_p084_x2688_y2560.jpg,0,0,0,0.05361984800015307,0,0,0,262144,0.0,0.0,1.0,0.0,0.0,1.0
Image_20260714162350825_p004_x1536_y0000.jpg,0,0,0,0.051408367000021826,0,0,0,262144,0.0,0.0,1.0,0.0,0.0,1.0
Image_20260714162350825_p013_x0768_y0384.jpg,0,0,0,0.05505823899989082,0,0,0,262144,0.0,0.0,1.0,0.0,0.0,1.0
Image_20260714162350825_p020_x3456_y0384.jpg,0,0,0,0.054685274999883404,0,0,0,262144,0.0,0.0,1.0,0.0,0.0,1.0
Image_20260714162350825_p026_x1536_y0768.jpg,5,220,975,0.05984721200002241,220,755,0,261169,0.22564102564102564,1.0,0.9971174844611413,0.22564102564102564,0.3682008368200837,0.9971199035644531
Image_20260714162350825_p027_x1920_y0768.jpg,2,1055,2025,0.0547380160001012,1041,984,14,260105,0.5140740740740741,0.9867298578199052,0.9962311702139883,0.510544384502207,0.675974025974026,0.9961929321289062
Image_20260714162350825_p028_x2304_y0768.jpg,4,1848,2880,0.06103531799999473,1751,1129,97,259167,0.6079861111111111,0.9475108225108225,0.9956626302363463,0.5881760161236144,0.7406937394247038,0.9953231811523438
Image_20260714162350825_p037_x1536_y1152.jpg,5,742,1109,0.05278139199981524,679,430,63,260972,0.612263300270514,0.9150943396226415,0.9983550240625549,0.5793515358361775,0.7336574824419233,0.9981193542480469
Image_20260714162350825_p038_x1920_y1152.jpg,2,1055,1628,0.052740260000064154,1054,574,1,260515,0.6474201474201474,0.9990521327014218,0.9978015159581599,0.6470227133210559,0.7856876630637346,0.9978065490722656
Image_20260714162350825_p039_x2304_y1152.jpg,2,569,476,0.052453375999903074,383,93,186,261482,0.8046218487394958,0.6731107205623902,0.9996444614355348,0.5785498489425982,0.7330143540669857,0.9989356994628906
Image_20260714162350825_p040_x2688_y1152.jpg,1,1368,1518,0.05458483899997191,1241,277,127,260499,0.8175230566534915,0.9071637426900585,0.9989377856857993,0.7544072948328268,0.86001386001386,0.9984588623046875
Image_20260714162350825_p048_x1536_y1536.jpg,2,1480,1933,0.05255537399989407,1385,548,95,260116,0.7165028453181583,0.9358108108108109,0.997897676702575,0.6829388560157791,0.8116026955757398,0.9975471496582031
Image_20260714162350825_p049_x1920_y1536.jpg,1,933,1240,0.05585719999999128,883,357,50,260854,0.7120967741935483,0.9464094319399786,0.9986332887971793,0.6844961240310078,0.8127013345605154,0.9984474182128906
Image_20260714162350825_p050_x2304_y1536.jpg,4,2448,2952,0.05752912700017987,2361,591,87,259105,0.7997967479674797,0.9644607843137255,0.9977242622142813,0.7769002961500494,0.8744444444444445,0.9974136352539062
Image_20260714162350825_p051_x2688_y1536.jpg,2,1673,1947,0.0561529829999472,1567,380,106,260091,0.8048279404211608,0.9366407650926479,0.9985411043839814,0.763273258645884,0.8657458563535911,0.9981460571289062
Image_20260714162350825_p055_x0000_y1920.jpg,0,0,0,0.05394370399994841,0,0,0,262144,0.0,0.0,1.0,0.0,0.0,1.0
Image_20260714162350825_p059_x1536_y1920.jpg,1,590,839,0.06524969299994154,577,262,13,261292,0.6877234803337307,0.9779661016949153,0.9989982948071908,0.6772300469483568,0.8075577326801959,0.9989509582519531
Image_20260714162350825_p060_x1920_y1920.jpg,3,2869,2828,0.060149771999931545,1980,848,889,258427,0.7001414427157001,0.6901359358661554,0.9967293414328415,0.5326876513317191,0.6951026856240127,0.9933738708496094
Image_20260714162350825_p061_x2304_y1920.jpg,3,3380,2969,0.06328803099995639,2385,584,995,258180,0.8033007746716067,0.7056213017751479,0.9977431172806109,0.601664984863774,0.75129941723106,0.9939765930175781
Image_20260714162350825_p062_x2688_y1920.jpg,1,116,145,0.060666351000008945,112,33,4,261995,0.7724137931034483,0.9655172413793104,0.9998740592608424,0.7516778523489933,0.8582375478927203,0.9998588562011719
Image_20260714162350825_p070_x1536_y2304.jpg,0,0,0,0.05692597899997054,0,0,0,262144,0.0,0.0,1.0,0.0,0.0,1.0
Image_20260714162350825_p078_x0384_y2560.jpg,0,0,0,0.054831745999990744,0,0,0,262144,0.0,0.0,1.0,0.0,0.0,1.0
Image_20260714162350825_p080_x1152_y2560.jpg,0,0,0,0.05779429400013214,0,0,0,262144,0.0,0.0,1.0,0.0,0.0,1.0
Image_20260714163542414_p011_x0000_y0384.jpg,0,0,0,0.06700672900001337,0,0,0,262144,0.0,0.0,1.0,0.0,0.0,1.0
Image_20260714163542414_p019_x3072_y0384.jpg,0,0,0,0.05595452100010334,0,0,0,262144,0.0,0.0,1.0,0.0,0.0,1.0
Image_20260714163542414_p026_x1536_y0768.jpg,1,550,795,0.055423732000008386,509,286,41,261308,0.640251572327044,0.9254545454545454,0.9989067027531212,0.6088516746411483,0.7568773234200743,0.9987525939941406
Image_20260714163542414_p027_x1920_y0768.jpg,4,1550,2427,0.057412531999943894,1538,889,12,259705,0.6337041615162753,0.9922580645161291,0.9965885630521041,0.6305863058630586,0.773447322102087,0.9965629577636719
Image_20260714163542414_p028_x2304_y0768.jpg,4,1826,2745,0.0576163020000422,1674,1071,152,259247,0.6098360655737705,0.9167579408543264,0.9958858012123634,0.577839143942009,0.7324436665937432,0.9953346252441406
Image_20260714163542414_p029_x2688_y0768.jpg,0,134,0,0.05713551199983158,0,0,134,262010,0.0,0.0,1.0,0.0,0.0,0.9994888305664062
Image_20260714163542414_p031_x3456_y0768.jpg,0,0,0,0.05985694399987551,0,0,0,262144,0.0,0.0,1.0,0.0,0.0,1.0
Image_20260714163542414_p032_x3584_y0768.jpg,0,0,0,0.05928811900002984,0,0,0,262144,0.0,0.0,1.0,0.0,0.0,1.0
Image_20260714163542414_p037_x1536_y1152.jpg,3,2636,2516,0.05961100400008945,2176,340,460,259168,0.8648648648648649,0.8254931714719271,0.9986898284445952,0.7311827956989247,0.84472049689441,0.9969482421875
Image_20260714163542414_p038_x1920_y1152.jpg,0,0,0,0.058200606000127664,0,0,0,262144,0.0,0.0,1.0,0.0,0.0,1.0
Image_20260714163542414_p039_x2304_y1152.jpg,1,1723,1507,0.06286662499996964,1022,485,701,259936,0.6781685467816855,0.5931514799767846,0.9981376309898203,0.4628623188405797,0.6328173374613003,0.9954757690429688
Image_20260714163542414_p040_x2688_y1152.jpg,1,1789,1583,0.05703319200006263,1083,500,706,259855,0.6841440303221731,0.6053661263275573,0.9980795452363119,0.47313237221494103,0.6423487544483986,0.9953994750976562
Image_20260714163542414_p044_x0000_y1536.jpg,0,0,0,0.058534718999908364,0,0,0,262144,0.0,0.0,1.0,0.0,0.0,1.0
Image_20260714163542414_p045_x0384_y1536.jpg,0,0,0,0.06275082700017265,0,0,0,262144,0.0,0.0,1.0,0.0,0.0,1.0
Image_20260714163542414_p048_x1536_y1536.jpg,2,1065,1620,0.05977516799998739,1006,614,59,260465,0.6209876543209877,0.9446009389671362,0.9976482214195703,0.5991661703394878,0.7493482309124767,0.9974327087402344
Image_20260714163542414_p049_x1920_y1536.jpg,2,1158,1544,0.05942953800013129,1045,499,113,260487,0.6768134715025906,0.9024179620034543,0.9980880200470523,0.6306578153289076,0.7735011102886751,0.9976654052734375
Image_20260714163542414_p050_x2304_y1536.jpg,4,2442,3127,0.058839717999944696,2370,757,72,258945,0.7579149344419571,0.9705159705159705,0.99708512063827,0.7408565176617693,0.8511402406177051,0.9968376159667969
Image_20260714163542414_p051_x2688_y1536.jpg,1,505,607,0.0590799330000209,478,129,27,261510,0.7874794069192751,0.9465346534653465,0.9995069542384736,0.7539432176656151,0.8597122302158273,0.9994049072265625
Image_20260714163542414_p054_x3584_y1536.jpg,0,0,0,0.05906174500000816,0,0,0,262144,0.0,0.0,1.0,0.0,0.0,1.0
Image_20260714163542414_p060_x1920_y1920.jpg,2,815,795,0.0703857240000616,685,110,130,261219,0.8616352201257862,0.8404907975460123,0.9995790746530235,0.7405405405405405,0.8509316770186336,0.99908447265625
Image_20260714163542414_p061_x2304_y1920.jpg,2,815,777,0.0628259390000494,677,100,138,261229,0.8712998712998713,0.8306748466257668,0.9996173405936578,0.7398907103825136,0.8505025125628141,0.9990921020507812
Image_20260714163542414_p063_x3072_y1920.jpg,0,0,0,0.06253140400008306,0,0,0,262144,0.0,0.0,1.0,0.0,0.0,1.0
Image_20260714163542414_p065_x3584_y1920.jpg,0,0,0,0.06723997600010989,0,0,0,262144,0.0,0.0,1.0,0.0,0.0,1.0
Image_20260714163542414_p067_x0384_y2304.jpg,0,0,0,0.06322211499991681,0,0,0,262144,0.0,0.0,1.0,0.0,0.0,1.0
Image_20260714163542414_p071_x1920_y2304.jpg,0,0,0,0.06412290699995538,0,0,0,262144,0.0,0.0,1.0,0.0,0.0,1.0
Image_20260714163542414_p076_x3584_y2304.jpg,0,0,0,0.05763950100003967,0,0,0,262144,0.0,0.0,1.0,0.0,0.0,1.0
Image_20260714163542414_p080_x1152_y2560.jpg,0,0,0,0.05924260599999798,0,0,0,262144,0.0,0.0,1.0,0.0,0.0,1.0
Image_20260714163542414_p083_x2304_y2560.jpg,0,0,0,0.06607608300009815,0,0,0,262144,0.0,0.0,1.0,0.0,0.0,1.0
Image_20260714163542414_p086_x3456_y2560.jpg,0,0,0,0.0615019960000609,0,0,0,262144,0.0,0.0,1.0,0.0,0.0,1.0
Image_20260714164245562_p000_x0000_y0000.jpg,0,0,0,0.06375558199988518,0,0,0,262144,0.0,0.0,1.0,0.0,0.0,1.0
Image_20260714164245562_p001_x0384_y0000.jpg,0,0,0,0.05710286599992287,0,0,0,262144,0.0,0.0,1.0,0.0,0.0,1.0
Image_20260714164245562_p005_x1920_y0000.jpg,0,0,0,0.06050668400007453,0,0,0,262144,0.0,0.0,1.0,0.0,0.0,1.0
Image_20260714164245562_p006_x2304_y0000.jpg,0,0,0,0.05681574699997327,0,0,0,262144,0.0,0.0,1.0,0.0,0.0,1.0
Image_20260714164245562_p016_x1920_y0384.jpg,0,773,0,0.06379925799978992,0,0,773,261371,0.0,0.0,1.0,0.0,0.0,0.9970512390136719
Image_20260714164245562_p018_x2688_y0384.jpg,0,0,0,0.061079257000073994,0,0,0,262144,0.0,0.0,1.0,0.0,0.0,1.0
Image_20260714164245562_p026_x1536_y0768.jpg,1,1626,1410,0.058385518000022785,1245,165,381,260353,0.8829787234042553,0.7656826568265682,0.9993666464505332,0.695142378559464,0.8201581027667985,0.9979171752929688
Image_20260714164245562_p027_x1920_y0768.jpg,2,3459,2225,0.06085907900001075,1906,319,1553,258366,0.856629213483146,0.5510263081815554,0.9987668399791252,0.5044997353096876,0.6706544686840253,0.99285888671875
Image_20260714164245562_p028_x2304_y0768.jpg,0,714,0,0.056367084999919825,0,0,714,261430,0.0,0.0,1.0,0.0,0.0,0.9972763061523438
Image_20260714164245562_p032_x3584_y0768.jpg,0,0,0,0.05646708400013267,0,0,0,262144,0.0,0.0,1.0,0.0,0.0,1.0
Image_20260714164245562_p035_x0768_y1152.jpg,0,0,0,0.05445824699995683,0,0,0,262144,0.0,0.0,1.0,0.0,0.0,1.0
Image_20260714164245562_p036_x1152_y1152.jpg,4,907,1139,0.0555808110000271,840,299,67,260938,0.7374890254609306,0.9261300992282249,0.9988554454384333,0.6965174129353234,0.8211143695014663,0.9986038208007812
Image_20260714164245562_p037_x1536_y1152.jpg,5,2428,3056,0.06011026699979993,2293,763,135,258953,0.75032722513089,0.9443986820428336,0.9970621756072017,0.7185835161391413,0.8362509117432531,0.9965744018554688
Image_20260714164245562_p038_x1920_y1152.jpg,1,293,135,0.05861326800004463,121,14,172,261837,0.8962962962962963,0.4129692832764505,0.9999465344795323,0.3941368078175896,0.5654205607476636,0.9992904663085938
Image_20260714164245562_p039_x2304_y1152.jpg,1,1084,2051,0.05925510799988842,1033,1018,51,260042,0.5036567528035105,0.9529520295202952,0.9961005132919636,0.49143672692673646,0.6590111642743222,0.9959220886230469
Image_20260714164245562_p047_x1152_y1536.jpg,1,1789,1831,0.06421325100018294,1528,303,261,260052,0.8345166575641726,0.854108440469536,0.9988362044132051,0.7304015296367112,0.8441988950276244,0.9978485107421875
Image_20260714164245562_p048_x1536_y1536.jpg,1,475,372,0.06238706999988608,0,372,475,261297,0.0,0.0,0.9985783566261193,0.0,0.0,0.9967689514160156
Image_20260714164245562_p049_x1920_y1536.jpg,0,0,0,0.061157512000136194,0,0,0,262144,0.0,0.0,1.0,0.0,0.0,1.0
Image_20260714164245562_p050_x2304_y1536.jpg,1,741,1000,0.062099154000179624,730,270,11,261133,0.73,0.9851551956815114,0.998967112083641,0.722057368941642,0.8385985066053991,0.9989280700683594
Image_20260714164245562_p051_x2688_y1536.jpg,0,0,0,0.06623269100009566,0,0,0,262144,0.0,0.0,1.0,0.0,0.0,1.0
Image_20260714164245562_p056_x0384_y1920.jpg,0,0,0,0.055800068000053216,0,0,0,262144,0.0,0.0,1.0,0.0,0.0,1.0
Image_20260714164245562_p058_x1152_y1920.jpg,0,234,0,0.0533784269998705,0,0,234,261910,0.0,0.0,1.0,0.0,0.0,0.9991073608398438
Image_20260714164245562_p059_x1536_y1920.jpg,3,2979,2357,0.05847864099996514,1912,445,1067,258720,0.8112006788290199,0.6418261161463579,0.9982829471572164,0.5584112149532711,0.7166416791604198,0.994232177734375
Image_20260714164245562_p060_x1920_y1920.jpg,1,1824,2274,0.061607798000068215,1788,486,36,259834,0.7862796833773087,0.9802631578947368,0.9981330669944684,0.7740259740259741,0.8726207906295754,0.9980087280273438
Image_20260714164245562_p061_x2304_y1920.jpg,0,218,0,0.05562168500000553,0,0,218,261926,0.0,0.0,1.0,0.0,0.0,0.9991683959960938
Image_20260714164245562_p072_x2304_y2304.jpg,0,0,0,0.05925345099990409,0,0,0,262144,0.0,0.0,1.0,0.0,0.0,1.0
Image_20260714164245562_p078_x0384_y2560.jpg,0,0,0,0.05581388700011303,0,0,0,262144,0.0,0.0,1.0,0.0,0.0,1.0
Image_20260714164245562_p082_x1920_y2560.jpg,0,0,0,0.05808721800008243,0,0,0,262144,0.0,0.0,1.0,0.0,0.0,1.0
Image_20260714164245562_p083_x2304_y2560.jpg,0,0,0,0.06173050099982902,0,0,0,262144,0.0,0.0,1.0,0.0,0.0,1.0
Image_20260714164248809_p000_x0000_y0000.jpg,0,0,0,0.05337433800013969,0,0,0,262144,0.0,0.0,1.0,0.0,0.0,1.0
Image_20260714164248809_p001_x0384_y0000.jpg,0,0,0,0.061082100000021455,0,0,0,262144,0.0,0.0,1.0,0.0,0.0,1.0
Image_20260714164248809_p004_x1536_y0000.jpg,0,0,0,0.061545174999992014,0,0,0,262144,0.0,0.0,1.0,0.0,0.0,1.0
Image_20260714164248809_p007_x2688_y0000.jpg,0,0,0,0.05767655099998592,0,0,0,262144,0.0,0.0,1.0,0.0,0.0,1.0
Image_20260714164248809_p012_x0384_y0384.jpg,0,0,0,0.05379452200008927,0,0,0,262144,0.0,0.0,1.0,0.0,0.0,1.0
Image_20260714164248809_p015_x1536_y0384.jpg,0,0,0,0.054019515999925716,0,0,0,262144,0.0,0.0,1.0,0.0,0.0,1.0
Image_20260714164248809_p016_x1920_y0384.jpg,0,0,0,0.06645749299991621,0,0,0,262144,0.0,0.0,1.0,0.0,0.0,1.0
Image_20260714164248809_p021_x3584_y0384.jpg,0,0,0,0.05751983000004657,0,0,0,262144,0.0,0.0,1.0,0.0,0.0,1.0
Image_20260714164248809_p022_x0000_y0768.jpg,0,0,0,0.05473699599997417,0,0,0,262144,0.0,0.0,1.0,0.0,0.0,1.0
Image_20260714164248809_p026_x1536_y0768.jpg,2,1019,1126,0.05584186800001589,821,305,198,260820,0.7291296625222025,0.8056918547595682,0.9988319770224988,0.6200906344410876,0.7655011655011655,0.9980812072753906
Image_20260714164248809_p027_x1920_y0768.jpg,3,1491,1464,0.05875185699983376,1110,354,381,260299,0.7581967213114754,0.744466800804829,0.9986418725278435,0.6016260162601627,0.751269035532995,0.9971961975097656
Image_20260714164248809_p036_x1152_y1152.jpg,1,1760,1720,0.05680441599997721,1470,250,290,260134,0.8546511627906976,0.8352272727272727,0.9990398795624923,0.7313432835820896,0.8448275862068966,0.9979400634765625
Image_20260714164248809_p037_x1536_y1152.jpg,2,2918,2814,0.058399620999807667,2344,470,574,258756,0.8329779673063256,0.8032899246058944,0.9981869102636309,0.69185360094451,0.8178646196789952,0.9960174560546875
Image_20260714164248809_p038_x1920_y1152.jpg,5,2052,2596,0.058290921999969214,1726,870,326,259222,0.6648690292758089,0.8411306042884991,0.9966550297587008,0.5906913073237509,0.7426850258175559,0.9954376220703125
Image_20260714164248809_p039_x2304_y1152.jpg,1,789,887,0.05304016300010517,770,117,19,261238,0.8680947012401353,0.9759188846641318,0.9995523330336132,0.8498896247240618,0.918854415274463,0.999481201171875
Image_20260714164248809_p040_x2688_y1152.jpg,0,0,0,0.06583931099999063,0,0,0,262144,0.0,0.0,1.0,0.0,0.0,1.0
Image_20260714164248809_p047_x1152_y1536.jpg,2,3503,3029,0.0582239519999348,2509,520,994,258121,0.8283261802575107,0.7162432200970597,0.9979894912252891,0.6236639323887646,0.7682180036742192,0.9942245483398438
Image_20260714164248809_p048_x1536_y1536.jpg,2,841,896,0.055217142999936186,416,480,425,260823,0.4642857142857143,0.4946492271105826,0.9981630520889542,0.31491294473883424,0.4789867587795049,0.9965476989746094
Image_20260714164248809_p049_x1920_y1536.jpg,0,315,0,0.05653602100005628,0,0,315,261829,0.0,0.0,1.0,0.0,0.0,0.9987983703613281
Image_20260714164248809_p050_x2304_y1536.jpg,1,1485,2133,0.05969100800007254,1422,711,63,259948,0.6666666666666666,0.9575757575757575,0.9972722982901031,0.6475409836065574,0.7860696517412935,0.9970474243164062
Image_20260714164248809_p051_x2688_y1536.jpg,0,0,0,0.05860438099989551,0,0,0,262144,0.0,0.0,1.0,0.0,0.0,1.0
Image_20260714164248809_p057_x0768_y1920.jpg,0,0,0,0.057984499999975014,0,0,0,262144,0.0,0.0,1.0,0.0,0.0,1.0
Image_20260714164248809_p058_x1152_y1920.jpg,3,1183,237,0.060013853000100426,194,43,989,260918,0.8185654008438819,0.16398985629754861,0.9998352244205073,0.15823817292006526,0.27323943661971833,0.996063232421875
Image_20260714164248809_p059_x1536_y1920.jpg,2,2854,2741,0.058687123000026986,1865,876,989,258414,0.6804086099963517,0.653468815697267,0.9966215434455629,0.5,0.6666666666666666,0.9928855895996094
Image_20260714164248809_p060_x1920_y1920.jpg,3,2934,3744,0.05648818600002414,2359,1385,575,257825,0.6300747863247863,0.8040218132242672,0.9946568419428263,0.546191247974068,0.7064989517819706,0.992523193359375
Image_20260714164248809_p061_x2304_y1920.jpg,1,652,575,0.05543297799999891,376,199,276,261293,0.6539130434782608,0.5766871165644172,0.9992389824545301,0.4418331374853114,0.612876935615322,0.9981880187988281
Image_20260714164248809_p069_x1152_y2304.jpg,0,0,0,0.05620745500004887,0,0,0,262144,0.0,0.0,1.0,0.0,0.0,1.0
Image_20260714164248809_p070_x1536_y2304.jpg,1,580,562,0.05841546900001049,520,42,60,261522,0.9252669039145908,0.896551724137931,0.9998394274441437,0.8360128617363344,0.9106830122591943,0.9996109008789062
Image_20260714164248809_p071_x1920_y2304.jpg,3,549,772,0.05451461100005872,484,288,65,261307,0.6269430051813472,0.8816029143897997,0.9988990615264053,0.5782556750298686,0.732778198334595,0.9986534118652344
Image_20260714164248809_p077_x0000_y2560.jpg,0,0,0,0.05592838099983055,0,0,0,262144,0.0,0.0,1.0,0.0,0.0,1.0
Image_20260714164248809_p080_x1152_y2560.jpg,0,0,0,0.059409234999975524,0,0,0,262144,0.0,0.0,1.0,0.0,0.0,1.0
Image_20260714164248809_p082_x1920_y2560.jpg,0,0,0,0.059142905000044266,0,0,0,262144,0.0,0.0,1.0,0.0,0.0,1.0
Image_20260722_152957_p005_x1920_y0000.jpg,0,0,0,0.05729382699996677,0,0,0,262144,0.0,0.0,1.0,0.0,0.0,1.0
Image_20260722_152957_p007_x2688_y0000.jpg,0,0,0,0.05768610300015098,0,0,0,262144,0.0,0.0,1.0,0.0,0.0,1.0
Image_20260722_152957_p024_x0768_y0768.jpg,0,0,0,0.05919366399984938,0,0,0,262144,0.0,0.0,1.0,0.0,0.0,1.0
Image_20260722_152957_p025_x1152_y0768.jpg,1,263,364,0.06347375799987276,239,125,24,261756,0.6565934065934066,0.908745247148289,0.9995226839671454,0.615979381443299,0.7623604465709729,0.9994316101074219
Image_20260722_152957_p026_x1536_y0768.jpg,1,1565,1753,0.056627970999898025,1510,243,55,260336,0.8613804905875642,0.9648562300319489,0.9990674613073195,0.8351769911504425,0.9101868595539482,0.9988632202148438
Image_20260722_152957_p027_x1920_y0768.jpg,1,747,807,0.05564785399997163,648,159,99,261238,0.8029739776951673,0.8674698795180723,0.9993917298209237,0.7152317880794702,0.833976833976834,0.9990158081054688
Image_20260722_152957_p036_x1152_y1152.jpg,6,2366,4232,0.21110244199985573,2250,1982,116,257796,0.531663516068053,0.9509721048182587,0.9923704085796334,0.5174793008279669,0.6820248560169748,0.9919967651367188
Image_20260722_152957_p037_x1536_y1152.jpg,1,290,402,0.05323813099994368,276,126,14,261728,0.6865671641791045,0.9517241379310345,0.9995188158286679,0.6634615384615384,0.7976878612716763,0.9994659423828125
Image_20260722_152957_p038_x1920_y1152.jpg,2,23,311,0.05408463000003394,0,311,23,261810,0.0,0.0,0.9988135250514075,0.0,0.0,0.9987258911132812
Image_20260722_152957_p039_x2304_y1152.jpg,2,1420,1413,0.057446148999815705,1263,150,157,260574,0.8938428874734607,0.8894366197183099,0.9994246789708657,0.8044585987261147,0.891634309918814,0.9988288879394531
Image_20260722_152957_p043_x3584_y1152.jpg,0,0,0,0.05564521499991315,0,0,0,262144,0.0,0.0,1.0,0.0,0.0,1.0
Image_20260722_152957_p047_x1152_y1536.jpg,3,3349,3109,0.05823323100003108,2908,201,441,258594,0.9353489868124799,0.8683189011645267,0.9992233234799744,0.8191549295774648,0.9005884174667079,0.9975509643554688
Image_20260722_152957_p048_x1536_y1536.jpg,5,1826,1664,0.059145363999959955,1536,128,290,260190,0.9230769230769231,0.8411829134720701,0.999508293702318,0.7860798362333674,0.8802292263610315,0.9984054565429688
Image_20260722_152957_p049_x1920_y1536.jpg,2,2743,2855,0.054385837999916475,2466,389,277,259012,0.8637478108581436,0.8990156762668611,0.9985003912860783,0.7873563218390804,0.8810289389067524,0.9974594116210938
Image_20260722_152957_p050_x2304_y1536.jpg,3,2276,2508,0.05853937599999881,2038,470,238,259398,0.8125996810207337,0.8954305799648506,0.9981913894746564,0.7421704297159505,0.8520066889632107,0.9972991943359375
Image_20260722_152957_p051_x2688_y1536.jpg,0,0,0,0.0702452739999444,0,0,0,262144,0.0,0.0,1.0,0.0,0.0,1.0
Image_20260722_152957_p059_x1536_y1920.jpg,1,1964,1757,0.06540409900003397,1719,38,245,260142,0.9783722253841776,0.8752545824847251,0.9998539472672765,0.8586413586413586,0.9239451760279495,0.9989204406738281
Image_20260722_152957_p060_x1920_y1920.jpg,4,1856,1979,0.061287702000072386,1624,355,232,259933,0.8206164729661445,0.875,0.9986361261372019,0.7345092718227046,0.8469361147327249,0.9977607727050781
Image_20260722_152957_p061_x2304_y1920.jpg,1,1329,1369,0.05437790899986794,1138,231,191,260584,0.831263696128561,0.8562829194883371,0.9991143147441673,0.7294871794871794,0.843587842846553,0.9983901977539062
